# HSK grammar list — imported source, HSK 1-9.
#
# Columns: level <TAB> title <TAB> meaning <TAB> function <TAB> register
#
# PROVENANCE: this list was generated by a chat model and pasted in. It is not
# a published syllabus and it is not hand-verified. It imports as
# `imported-unreviewed` and flows into the curation queue; nothing here is
# presented as checked until a human approves it.
#
# WHAT WAS DROPPED, and why — the source listed ~875 rows, of which these are
# not grammar and were excluded rather than imported:
#   - HSK6 "Verb Phrases" (~100 rows): plain vocabulary. "Expressing 'discover'
#     with 发现" is a dictionary entry, not a pattern.
#   - HSK6 "Nouns" (~29 rows): vocabulary (原因, 结果, 方法, 情况).
#   - HSK7-9 "Classical nouns" (~23 rows): 仁 / 义 / 礼 / 智 / 信 / 天 / 道 are
#     Confucian concepts, not grammar.
#   - HSK7-9 formal verb vocabulary (~30 rows): 实施 / 贯彻 / 促进 / 加强.
#   - "Comparison" sections (~40 rows): these are contrast notes between two
#     points ("Comparing 才 and 就"), not patterns in their own right.
#
# ROWS CORRECTED against the source, which had errors:
#   - 必然 was given the pinyin "buran" and conflated with 不然 (otherwise).
#     Split into two rows.
#   - 提供 was listed as "provided that" (a conjunction). It means "to supply";
#     dropped, as the intended conjunction is ambiguous.
#   - 搞不懂 was glossed "as it turns out"; it means "cannot figure out".
#     Dropped as not a grammar point.
#   - 压根儿 was glossed "utterly"; it is negative-polarity only ("not at all").
#   - 精确 ("jingjiu") is jīngquè and means "precise"; not an adverb of
#     certainty. Dropped.
#   - Pinyin typos in the source (xinagxin, yiwizhe, jinpian, diding) affected
#     rows that were dropped as vocabulary anyway.

HSK1	没有	not have / did not (past negation)	Negation	N
HSK1	不	not (habitual / future negation)	Negation	N
HSK1	都	all / both	Emphasis	N
HSK1	也	also / too	Sequence	N
HSK1	和	and (joining nouns)	Listing	N
HSK1	岁	age: Subj + Number + 岁	Amount	N
HSK1	个	general measure word	Amount	N
HSK1	的	possessive / attributive marker	Relation	N
HSK1	呢	follow-up question particle	Request	N
HSK1	吧	suggestion particle	Invitation & suggestion	C
HSK1	在	to be at (location)	Location	N
HSK1	有	to have / there is	Description	N
HSK1	叫	to be called	Definition	N
HSK1	去	to go to	Direction	N
HSK1	姓	surname is	Definition	N
HSK1	能	can (ability / possibility)	Permission	N
HSK1	会	can (learned skill)	Ability	N
HSK1	要	to be going to	Intention	N
HSK1	可以	may (permission)	Permission	N
HSK1	怎么	how to do something	Means	N
HSK1	不要	don't (negative command)	Prohibition	N
HSK1	是	to be (equative copula)	Definition	N
HSK1	太…了	excessively	Extreme	C
HSK1	吗	yes-no question particle	Conjecture	N

HSK2	…死了	extremely (negative adjectives)	Extreme	C
HSK2	差不多	about the same / almost	Approximation	N
HSK2	正在	action in progress	Ongoing action	N
HSK2	一直	all along / continuously	Duration	N
HSK2	已经	already	Completion	N
HSK2	总是	always	Repetition & habit	N
HSK2	还	and also / still	Listing	N
HSK2	刚	just (a moment ago)	Point in time	N
HSK2	只	only	Limitation	N
HSK2	就	then / precisely	Consequence	N
HSK2	别	don't (negative command)	Prohibition	C
HSK2	一边…一边…	doing two things at once	Simultaneous	N
HSK2	多	how (asking about degree)	Extent	N
HSK2	一样	the same as	Similarity	N
HSK2	有点	a little too (negative tone)	Approximation	C
HSK2	又…又…	both A and B	Listing	N
HSK2	离	distance from	Location	N
HSK2	更	even more	Comparison	N
HSK2	不太	not very	Degree	C
HSK2	真	really	Emphasis	C
HSK2	最	most (superlative)	Extreme	N
HSK2	或者	or (in statements)	Alternatives	N
HSK2	跟	with	Means	N
HSK2	可是	but	Opposition	N
HSK2	但是	but	Opposition	N
HSK2	以后	after / in the future	Sequence	N
HSK2	以前	before	Sequence	N
HSK2	刚才	just now	Point in time	N
HSK2	的时候	when	Simultaneous	N
HSK2	几	several / a few	Amount	N
HSK2	了	change of state	Change	N
HSK2	过	experiential aspect	Experience	N
HSK2	啊	sentence-final interjection	Exclamation	C
HSK2	得	structural particle (degree)	Description	N
HSK2	地	structural particle (adverbial)	Description	N
HSK2	比	comparison marker	Comparison	N
HSK2	从…到…	from … to …	Range	N
HSK2	来	directional verb: come	Direction	N
HSK2	请	polite request marker	Request	N
HSK2	应该	should	Obligation	N
HSK2	想	would like to	Desire	N
HSK2	从来	never (with negation)	Negation	N
HSK2	一起	together	Means	N
HSK2	一下	briefly / a bit	Minimizing	C
HSK2	到	to arrive at / up to	Direction	N
HSK2	…不懂	potential complement: cannot understand	Possibility	N
HSK2	…完	result complement: finish	Completion	N
HSK2	一些	some	Amount	N
HSK2	有的	some (of them)	Listing	N
HSK2	每	every	Frequency	N
HSK2	半	half	Amount	N
HSK2	第	ordinal prefix	Sequence	N
HSK2	怎么样	how is it	Conjecture	N
HSK2	因为…所以…	because … therefore …	Reason	N
HSK2	快…了	about to happen	Immediacy	N
HSK2	什么都	everything / anything	Emphasis	N
HSK2	别…了	stop doing	Prohibition	C

HSK3	…极了	extremely	Extreme	C
HSK3	不怎么	not very / not often	Degree	C
HSK3	全	entirely / the whole	Emphasis	N
HSK3	正好	just right / coincidentally	Certainty	N
HSK3	就是	emphatic "precisely"	Emphasis	C
HSK3	就要…了	about to	Immediacy	N
HSK3	再	again (in the future)	Repetition & habit	N
HSK3	又	again (in the past)	Repetition & habit	N
HSK3	原来	as it turns out / all along	Surprise	N
HSK3	一下子	all at once	Immediacy	C
HSK3	差点	almost (narrowly avoided)	Approximation	C
HSK3	结果	as a result	Consequence	N
HSK3	互相	each other	Description	N
HSK3	够	enough	Extent	N
HSK3	终于	finally	Certainty	N
HSK3	还是	had better	Advice	N
HSK3	最好	had better / best to	Advice	N
HSK3	这样	in this way	Means	N
HSK3	才	only then / not until	Consequence	N
HSK3	先…再…	first … then …	Sequence	N
HSK3	老是	always (complaining)	Repetition & habit	C
HSK3	那么	so / that (degree)	Degree	C
HSK3	这么	so / this (degree)	Degree	C
HSK3	挺…的	quite	Degree	C
HSK3	比较	rather / comparatively	Degree	N
HSK3	什么的	and so on	Listing	C
HSK3	之类的	stuff like that	Listing	C
HSK3	等等	etc.	Listing	N
HSK3	不过	but (softer)	Opposition	N
HSK3	要不	how about / otherwise	Invitation & suggestion	C
HSK3	还有	in addition	Listing	N
HSK3	另外	in addition / the other	Listing	N
HSK3	再说	besides	Listing	C
HSK3	之前	before	Sequence	N
HSK3	之后	after	Sequence	N
HSK3	以来	ever since	Duration	N
HSK3	时	when (literary)	Point in time	F
HSK3	后来	afterwards	Sequence	N
HSK3	分之	fractions	Amount	N
HSK3	多	and more (excess number)	Approximation	N
HSK3	着	durative aspect particle	Ongoing action	N
HSK3	嘛	self-evident particle	Emphasis	C
HSK3	关于	about / concerning	Perspective	F
HSK3	直到	all the way until	Duration	N
HSK3	给	for / to (benefactive)	Giving & receiving	N
HSK3	为	for (purpose)	Purpose	F
HSK3	不到	less than	Approximation	N
HSK3	向	towards	Direction	N
HSK3	往	toward	Direction	N
HSK3	对	with regard to	Relation	N
HSK3	看起来	it looks like	Conjecture	N
HSK3	让	causative: let / make	Command	N
HSK3	使	causative: cause to	Command	F
HSK3	好像	it seems	Conjecture	N
HSK3	以为	mistakenly think	Conjecture	N
HSK3	经过	through / after	Means	N
HSK3	通过	through / by means of	Means	N
HSK3	来自	to come from	Description	N
HSK3	算	to count as	Evaluation	C
HSK3	不用	don't need to	Necessity	N
HSK3	得	must (děi)	Necessity	C
HSK3	到	until	Duration	N
HSK3	起来	directional complement: begin to	Change	N
HSK3	下去	continue to	Ongoing action	N
HSK3	所有	all	Emphasis	N
HSK3	之一	one of	Listing	N
HSK3	不是…吗？	rhetorical question	Conjecture	C
HSK3	是…的	emphasizing details	Emphasis	N
HSK3	把	disposal construction	Voice & transformation	N
HSK3	被	passive marker	Passive	N
HSK3	想…就…	do as one likes	Desire	C
HSK3	不是不	double negation	Certainty	N
HSK3	连…都…	even	Emphasis	N
HSK3	每…都…	every time	Frequency	N
HSK3	越来越	more and more	Change	N
HSK3	倍	times / -fold	Amount	N
HSK3	一点也不	not at all	Negation	C
HSK3	为了	in order to	Purpose	N
HSK3	来说	as far as … is concerned	Perspective	N
HSK3	跟…比	compared with	Comparison	N
HSK3	多了	much more	Comparison	C
HSK3	是…是…	conceding a point	Concession	N
HSK3	一…就…	as soon as	Immediacy	N
HSK3	虽然…但是…	although	Concession	N
HSK3	要么…要么…	either … or …	Alternatives	N
HSK3	除了…以外	except / besides	Exception	N
HSK3	还好	fortunately	Evaluation	C
HSK3	如果…就…	if … then …	Condition	N
HSK3	如果…的话	if	Condition	N
HSK3	不但…而且…	not only … but also	Listing	N
HSK3	怪不得	no wonder	Reason	C
HSK3	难怪	no wonder	Reason	C
HSK3	一方面…一方面…	on one hand … on the other	Listing	N
HSK3	等到	by the time / when	Condition	N

HSK4	得不得了	extremely (complement)	Extreme	C
HSK4	得很	very (complement)	Degree	N
HSK4	了点儿	a bit too	Degree	C
HSK4	有的是	plenty of	Amount	C
HSK4	看来	it appears	Conjecture	N
HSK4	只好	have no choice but	Consequence	N
HSK4	可	emphatic adverb	Emphasis	C
HSK4	毕竟	after all	Grounds & basis	N
HSK4	再不…就…	if not now, then	Condition	C
HSK4	差点没	almost (narrowly)	Approximation	C
HSK4	反正	anyway	Concession	C
HSK4	尽量	as much as possible	Intention	N
HSK4	恐怕	I'm afraid that	Conjecture	N
HSK4	好不容易	with great difficulty	Evaluation	C
HSK4	甚至	even	Emphasis	F
HSK4	尽管	feel free to	Permission	N
HSK4	不得不	have no choice but	Necessity	N
HSK4	到底	in the end / after all	Certainty	C
HSK4	究竟	in the end (formal)	Certainty	F
HSK4	干脆	just / simply	Decision	C
HSK4	几乎	nearly	Approximation	N
HSK4	再也不…了	never again	Negation	N
HSK4	曾经	once (in the past)	Experience	N
HSK4	本来	originally	Premise	N
HSK4	再三	over and over	Repetition & habit	F
HSK4	一向	all along	Duration	N
HSK4	千万	by all means (warning)	Advice	N
HSK4	白	in vain	Evaluation	C
HSK4	顺便	while you're at it	Sequence	N
HSK4	难道	rhetorical: could it be	Conjecture	N
HSK4	于是	and so / thereupon	Consequence	N
HSK4	而	and yet / whereas	Opposition	F
HSK4	当中	among	Range	N
HSK4	彼此	each other	Relation	N
HSK4	当…的时候	when	Point in time	N
HSK4	其中	among them	Range	F
HSK4	以上	above / more than	Range	F
HSK4	以下	below / less than	Range	F
HSK4	随着	along with	Sequence	F
HSK4	自从	ever since	Premise	N
HSK4	而言	as far as … goes	Perspective	F
HSK4	在内	including	Listing	N
HSK4	凭	on the basis of	Grounds & basis	N
HSK4	至于	as for	Perspective	F
HSK4	就…来说	as far as … is concerned	Perspective	N
HSK4	趁	taking the opportunity	Condition	N
HSK4	并	emphatic negation marker	Negation	F
HSK4	要不是	if it were not for	Hypothesis	C
HSK4	多亏	thanks to	Reason	C
HSK4	而已	that's all	Limitation	N
HSK4	将	formal disposal marker	Voice & transformation	F
HSK4	像	like / such as	Comparison	N
HSK4	比起	compared with	Comparison	N
HSK4	不如	not as good as	Comparison	N
HSK4	化	-ize / -ify suffix	Form change	F
HSK4	并且	moreover	Listing	F
HSK4	由	by (agent)	Means	F
HSK4	难免	hard to avoid	Consequence	N
HSK4	值得	to be worth	Evaluation	N
HSK4	害得	to cause (negative)	Consequence	C
HSK4	受	passive with 受	Passive	F
HSK4	着…着…就…	verbing along until	Ongoing action	C
HSK4	格外	especially	Degree	F
HSK4	尽管…但是…	although	Concession	N
HSK4	倒	contrary to expectation	Unexpected outcome	N
HSK4	反而	on the contrary	Opposition	N
HSK4	却	however	Opposition	F
HSK4	由于	due to	Reason	F
HSK4	既然…就…	since	Premise	N
HSK4	因此	therefore	Consequence	F
HSK4	之所以…是因为	the reason … is because	Reason	F
HSK4	得了	potential complement: able to	Possibility	N
HSK4	不了	potential complement: unable to	Possibility	N
HSK4	坏了	complement: badly / terribly	Resulting state	C
HSK4	来…去	verbing back and forth	Repetition & habit	C
HSK4	只要…就…	as long as	Condition	N
HSK4	一旦…就…	once … then …	Condition	F
HSK4	只有…才…	only if	Requirement	N
HSK4	除非…才…	unless	Condition	N
HSK4	即使…也…	even if	Concession	F
HSK4	就是…也…	even if	Concession	C
HSK4	就算…也…	even if	Concession	C
HSK4	哪怕…也…	even if	Concession	N
HSK4	假如…就…	if … then …	Hypothesis	F
HSK4	要是…就…	if … then …	Hypothesis	C
HSK4	万一	in case / what if	Hypothesis	N
HSK4	的话	if (topic marker)	Hypothesis	C
HSK4	不管…都…	no matter	Concession	N
HSK4	无论…都…	no matter	Concession	F
HSK4	不比	not more than	Comparison	N
HSK4	任何…都	any	Emphasis	N
HSK4	既…又…	both … and …	Listing	F
HSK4	少不了	cannot do without	Necessity	C
HSK4	等于	equal to	Definition	N
HSK4	从…中	from within	Means	F
HSK4	无…可…	no … to …	Negation	F
HSK4	一…也不	not even one	Negation	N
HSK4	好	so that (purpose)	Purpose	N
HSK4	有关的	related to	Relation	N
HSK4	一面…一面…	simultaneously	Simultaneous	F
HSK4	所谓	so-called	Definition	N
HSK4	越…越…	the more … the more	Proportion	N
HSK4	不是…就是…	either … or	Alternatives	N
HSK4	在…内	within (a period)	Range	F
HSK4	宁可…也…	would rather	Desire	N
HSK4	或者…或者…	either … or	Alternatives	N
HSK4	别说…就是…	let alone	Emphasis	C
HSK4	更不用说	let alone	Emphasis	N

HSK5	很是	quite (emphatic)	Emphasis	F
HSK5	足足	a full / no less than	Amount	N
HSK5	一再	again and again	Repetition & habit	F
HSK5	凡是	any / all who	Emphasis	N
HSK5	向来	always previously	Duration	N
HSK5	果然	as expected	Certainty	N
HSK5	似乎	as if / seemingly	Conjecture	N
HSK5	偏偏	contrary to expectations	Unexpected outcome	N
HSK5	一律	without exception	Rules & standards	F
HSK5	无非	nothing but	Limitation	N
HSK5	到时候	when the time comes	Condition	N
HSK5	何必	why bother	Rhetorical	N
HSK5	来着	…was the case (recall)	Experience	C
HSK5	以及	as well as	Listing	F
HSK5	总之	in short	Conclusion	N
HSK5	则	whereas (contrast)	Opposition	F
HSK5	以免	so as to avoid	Purpose	F
HSK5	本	this (our own) …	Perspective	F
HSK5	性	-ness / -ity suffix	Form change	F
HSK5	是否	whether or not	Conjecture	F
HSK5	之	classical possessive	Relation	L
HSK5	与否	whether or not	Alternatives	F
HSK5	呗	resigned particle	Concession	C
HSK5	鉴于	in light of	Grounds & basis	F
HSK5	非…不可	simply must	Necessity	N
HSK5	岂不是	wouldn't that be	Conjecture	N
HSK5	兼	concurrently	Simultaneous	F
HSK5	莫非	could it possibly be	Conjecture	N
HSK5	由此	from this	Consequence	F
HSK5	非得…不可	simply must	Necessity	C
HSK5	莫过于	nothing is more … than	Comparison	F
HSK5	与其…不如	rather than … better to	Preference	N
HSK5	跟…似的	similar to	Similarity	C
HSK5	不愧是	to be worthy of	Evaluation	N
HSK5	由…做主	to be decided by	Rules & standards	N
HSK5	一来…二来	firstly … secondly	Listing	N
HSK5	以…为…	take … as …	Means	F
HSK5	不屑	to disdain to	Evaluation	F
HSK5	以便	so as to	Purpose	F
HSK5	因为…而…	because of … hence	Reason	F
HSK5	假使…就…	supposing that	Hypothesis	F
HSK5	借…之名	in the name of	Means	F
HSK5	通过…使	by way of … cause	Consequence	F
HSK5	势必	inevitably	Certainty	F
HSK5	以…的名义	in the name of	Means	F
HSK5	倘若	if / supposing	Hypothesis	F
HSK5	所…的	the one that is …	Description	L
HSK5	何况	let alone	Emphasis	F

HSK6	分明	clearly / evidently	Emphasis	N
HSK6	历来	always throughout	Grounds & basis	N
HSK6	其实	actually	Opposition	N
HSK6	事实上	as a matter of fact	Opposition	F
HSK6	随便	at will / casually	Permission	C
HSK6	勉强	barely / reluctantly	Degree	N
HSK6	无论如何	in any case	Concession	F
HSK6	决不	by no means	Certainty	N
HSK6	较为	comparatively	Comparison	F
HSK6	始终	consistently / throughout	Duration	N
HSK6	不断	continually	Repetition & habit	N
HSK6	无疑	undoubtedly	Certainty	F
HSK6	存心	deliberately	Intention	C
HSK6	终究	eventually	Certainty	N
HSK6	恰恰	exactly / precisely	Emphasis	N
HSK6	过于	excessively	Extreme	F
HSK6	充分	fully	Degree	F
HSK6	渐渐	gradually	Change	N
HSK6	无奈	helplessly	Feeling	N
HSK6	立即	immediately	Immediacy	F
HSK6	急忙	in a hurry	Manner	N
HSK6	相比之下	in comparison	Comparison	F
HSK6	最终	in the end	Consequence	F
HSK6	徒劳	in vain	Evaluation	F
HSK6	的确	indeed	Certainty	N
HSK6	必然	inevitably	Certainty	F
HSK6	不然	otherwise	Condition	N
HSK6	瞬间	instantly	Immediacy	N
HSK6	特意	intentionally	Intention	N
HSK6	及时	in good time	Point in time	N
HSK6	仅仅	merely	Limitation	N
HSK6	暂时	temporarily	Duration	N
HSK6	相互	mutually	Relation	N
HSK6	方才	only then / just now	Consequence	N
HSK6	原本	originally	Premise	N
HSK6	忽然	suddenly	Surprise	N
HSK6	尤其	particularly	Emphasis	N
HSK6	目前	at present	Point in time	N
HSK6	先前	previously	Point in time	N
HSK6	迅速	rapidly	Manner	F
HSK6	反复	repeatedly	Repetition & habit	N
HSK6	偷偷	secretly / stealthily	Manner	C
HSK6	稍	slightly	Degree	N
HSK6	唯一	the only	Limitation	F
HSK6	略有	somewhat	Degree	F
HSK6	突然	suddenly	Surprise	N
HSK6	居然	surprisingly	Unexpected outcome	N
HSK6	彻底	thoroughly	Degree	N
HSK6	真正	truly / genuinely	Certainty	N
HSK6	不免	unavoidably	Consequence	N
HSK6	不知不觉	unconsciously	Manner	N
HSK6	毫无疑问	undoubtedly	Certainty	F
HSK6	竟然	unexpectedly	Unexpected outcome	N
HSK6	通常	usually	Repetition & habit	N
HSK6	毫不犹豫	without hesitation	Decision	N
HSK6	无一例外	without exception	Emphasis	F
HSK6	反之	conversely	Opposition	F
HSK6	之类	and the like	Listing	N
HSK6	相当于	equivalent to	Similarity	N
HSK6	换句话说	in other words	Explanation	N
HSK6	即	namely	Definition	F
HSK6	诸如	such as	Listing	F
HSK6	等	and so on	Listing	N
HSK6	因而	as a result	Consequence	F
HSK6	此外	besides / in addition	Listing	F
HSK6	纵然	even if	Concession	L
HSK6	故此	hence	Consequence	F
HSK6	以防	in case	Purpose	N
HSK6	相反	on the contrary	Opposition	N
HSK6	简言之	in short	Conclusion	F
HSK6	综上所述	in summary	Conclusion	F
HSK6	同样	likewise	Similarity	N
HSK6	同时	meanwhile	Simultaneous	N
HSK6	况且	moreover	Listing	N
HSK6	否则	or else	Condition	N
HSK6	说到	speaking of	Perspective	N
HSK6	使得	such that	Consequence	N
HSK6	如此	thus / like this	Consequence	F
HSK6	继而	thereupon	Consequence	F
HSK6	然而	however	Opposition	F
HSK6	借此	by this means	Means	F
HSK6	以至	to the extent that	Consequence	N
HSK6	度	-ness (degree suffix)	Form change	F
HSK6	者	-er / one who	Form change	F
HSK6	制	system suffix	Form change	F
HSK6	处	abstract place suffix	Location	F
HSK6	而已	nothing more	Limitation	N
HSK6	罢了	nothing more	Limitation	N
HSK6	就是了	and that's that	Emphasis	C
HSK6	哦	oh (new information)	Communication	C
HSK6	哟	warning particle	Communication	C
HSK6	呀	surprise particle	Surprise	C
HSK6	哪	emphatic particle	Emphasis	C
HSK6	据	according to	Grounds & basis	F
HSK6	依据	on the basis of	Grounds & basis	F
HSK6	透过	by means of	Means	N
HSK6	经由	by way of	Means	F
HSK6	自	from	Direction	F
HSK6	根据	in accordance with	Grounds & basis	F
HSK6	与…相比	in comparison with	Comparison	F
HSK6	符合	in line with	Rules & standards	F
HSK6	就…来看	in terms of	Perspective	N
HSK6	面临	faced with	Description	F
HSK6	在…过程中	in the process of	Description	N
HSK6	包括	including	Listing	N
HSK6	从…看	judging from	Perspective	N
HSK6	在…基础上	on the basis of	Grounds & basis	F
HSK6	基于	based on	Grounds & basis	F
HSK6	涉及	pertaining to	Perspective	F
HSK6	对于	regarding	Perspective	N
HSK6	与…有关	relating to	Relation	N
HSK6	在…下	under (conditions)	Condition	N
HSK6	对于…而言	with regard to	Perspective	F
HSK6	借助	with the help of	Means	N
HSK6	令	causative: cause to	Command	F
HSK6	比如说	for example	Comparison	N
HSK6	算是	amounts to	Evaluation	C
HSK6	属于	belongs to	Description	N
HSK6	称得上	can be called	Evaluation	N
HSK6	由…组成	consists of	Description	N
HSK6	导致	to lead to	Consequence	F
HSK6	看成	to regard as	Evaluation	N
HSK6	意味着	to signify	Definition	F
HSK6	指	to refer to	Definition	N
HSK6	当作	to treat as	Evaluation	N
HSK6	代表	to represent	Definition	N
HSK6	造成	to result in	Consequence	N
HSK6	充当	to serve as	Means	N
HSK6	变成	to turn into	Change	N

HSK7-9	颇	quite / rather	Degree	L
HSK7-9	甚	very / extremely	Degree	L
HSK7-9	皆	all	Emphasis	L
HSK7-9	均	all equally	Emphasis	F
HSK7-9	曾	once / formerly	Experience	L
HSK7-9	尝	ever / once	Experience	L
HSK7-9	已	already	Completion	L
HSK7-9	尚	still / yet	Duration	L
HSK7-9	且 (classical)	for the time being	Duration	L
HSK7-9	愈	increasingly	Change	L
HSK7-9	渐	gradually	Change	L
HSK7-9	乍	suddenly / at first	Surprise	L
HSK7-9	勿	do not	Prohibition	L
HSK7-9	莫 (classical)	do not	Prohibition	L
HSK7-9	毋	do not	Prohibition	L
HSK7-9	必 (classical)	must / certainly	Certainty	L
HSK7-9	殆	almost / nearly	Approximation	L
HSK7-9	殊	extremely / notably	Extreme	L
HSK7-9	岂	rhetorical: how could	Conjecture	L
HSK7-9	宁	rather / would prefer	Preference	L
HSK7-9	亦	also	Sequence	L
HSK7-9	复	again	Repetition & habit	L
HSK7-9	务必	by all means	Necessity	F
HSK7-9	极其	extremely	Extreme	F
HSK7-9	一概	uniformly / all	Duration	F
HSK7-9	专为	solely for	Purpose	F
HSK7-9	恍若	as if	Conjecture	L
HSK7-9	明明	plainly / clearly	Certainty	N
HSK7-9	枉费	to waste (effort)	Evaluation	F
HSK7-9	随口	casually (of speech)	Manner	C
HSK7-9	不假思索	without hesitation	Manner	N
HSK7-9	故	therefore	Consequence	L
HSK7-9	是故	therefore	Consequence	L
HSK7-9	以此	by this	Means	L
HSK7-9	以至 (classical)	to the extent that	Consequence	L
HSK7-9	乃至	and even	Listing	L
HSK7-9	如	if	Hypothesis	L
HSK7-9	若	if	Hypothesis	L
HSK7-9	苟	if indeed	Hypothesis	L
HSK7-9	既	since	Premise	L
HSK7-9	虽	although	Concession	L
HSK7-9	纵	even if	Concession	L
HSK7-9	况	let alone	Emphasis	L
HSK7-9	而是	but rather	Opposition	L
HSK7-9	但	but	Opposition	L
HSK7-9	生怕	for fear that	Purpose	C
HSK7-9	借以	so as to	Purpose	F
HSK7-9	为的是	with a view to	Purpose	N
HSK7-9	考虑到	considering that	Grounds & basis	N
HSK7-9	凭借	by virtue of	Grounds & basis	F
HSK7-9	也 (classical)	classical sentence-final judgment	Certainty	L
HSK7-9	矣	classical completed action	Completion	L
HSK7-9	哉	classical exclamation	Exclamation	L
HSK7-9	乎	classical question particle	Conjecture	L
HSK7-9	耶	classical question particle	Conjecture	L
HSK7-9	其	classical possessive pronoun	Relation	L
HSK7-9	尔	only / merely	Limitation	L
HSK7-9	诸	various / all	Listing	L
HSK7-9	见	classical passive marker	Passive	L
HSK7-9	为 (classical passive)	classical passive marker	Passive	L
HSK7-9	者 (classical)	classical nominalizer	Form change	L
HSK7-9	于	at / in / from / than	Location	L
HSK7-9	於	at / in / from / than	Location	L
HSK7-9	以	with / by means of	Means	L
HSK7-9	因	because of	Reason	L
HSK7-9	与	with / and	Means	L
HSK7-9	及	and / together with	Listing	L
HSK7-9	较	compared to	Comparison	L
HSK7-9	于…中	among	Range	L
HSK7-9	即…而言	regarding	Perspective	L
HSK7-9	无	not have	Negation	L
HSK7-9	非	is not	Negation	L
HSK7-9	似	to resemble	Similarity	L
HSK7-9	可 (classical)	can / may	Possibility	L
HSK7-9	欲	to want	Desire	L
HSK7-9	愿	to wish	Desire	L
HSK7-9	敢	to dare	Intention	L
HSK7-9	肯	to be willing	Desire	L
HSK7-9	当	should / ought	Obligation	L
HSK7-9	应	should	Obligation	L
HSK7-9	宜	appropriate to	Rules & standards	L
HSK7-9	须	must	Necessity	L
HSK7-9	克	able to	Ability	L
HSK7-9	足	sufficient to	Extent	L
HSK7-9	堪	can bear / worthy of	Possibility	L
HSK7-9	忍	to bear / endure	Possibility	L
